https://m.media-amazon.com/images/I/51pwqs5xEcL.__AC_SY300_SX300_QL70_FMwebp_.jpg,285,"Lenovo 3i Chromebook - 2023 - Everyday Notebook - Chrome OS - 15.6"" Full HD - 8GB Memory - 64GB Storage - Intel Celeron N4500 - Abyss Blue"
https://m.media-amazon.com/images/I/71pvhTrmZDL._AC_UY218_.jpg,285,Acer Aspire 5 A515-56-347N Slim Laptop - 15.6" Full HD IPS Display - 11th Gen Intel i3-1115G4 Dual Core Processor - 8GB DDR4 - 128GB NVMe SSD - WiFi 6 - Amazon Alexa - Windows 11 Home in S Mode
https://m.media-amazon.com/images/I/71Qp4khq-1L._AC_UY218_.jpg,247,SGIN Laptop 15.6 Inch 4GB DDR4 128GB SSD  Windows 11 Laptop with Intel Celeron up to 2.8GHz Mini HDMI 2.4/5.0G WiFi  2  x USB 3.0  Expandable Storage 512GB TF(Sliver)
https://m.media-amazon.com/images/I/81QjZasTdyL._AC_UY218_.jpg,369,Dell 2022 Newest Inspiron 15 Laptop  15.6" HD Display  Intel Celeron N4020 Processor  16GB DDR4 RAM 1TB PCIe SSD  Webcam   HDMI  Wi-Fi  Bluetooth  Windows 11 Home  Black
https://m.media-amazon.com/images/I/81divYKpeTL._AC_UY218_.jpg,285,HP Newest 14" Ultral Light Laptop for Students and Business  Intel Quad-Core N4120 8GB RAM 192GB Storage(64GB eMMC+128GB Micro SD) 1 Year Office 365  Webcam HDMI  WiFi  USB-A&C  Win 11 S
https://m.media-amazon.com/images/I/81LKz2gs0SL._AC_UY218_.jpg,540,HP 15.6" Touchscreen Newest Flagship HD Laptop  Intel i3-1115G4 up to 4.1GHz (Beat i5-1035G4) 16GB RAM  1TB NVMe SSD Fast Charge Numpad Bluetooth  Wi-Fi HDMI Win 11 Home S w/GM Accessories
https://m.media-amazon.com/images/I/71x2lpTg0fL._AC_UY218_.jpg,398,HP Newest 14 FHD Laptop for Business and Students Essential  16GB RAM  1TB PCIe SSD AMD Ryzen Dual-Core Processor  Webcam HDMI  WiFi  Fast Charge  Long Battery Life  Windows 11  GM Accessories
https://m.media-amazon.com/images/I/71O6kpwBMyL._AC_SY450_.jpg,94,KOORUI 24-Inch Curved Computer Monitor- Full HD 1080P 60Hz Gaming Monitor 1800R LED Monitor HDMI VGA Tilt Adjustment  Eye Care  Black 24N5C
https://m.media-amazon.com/images/I/71iMHAta7FL._AC_SY355_.jpg,379,Lenovo 15.6" Laptop IdeaPad 1 20GB RAM  1TB PCIe SSD  Wi-Fi 6 and Bluetooth 5.1 HDMI SD Card Reader 15.6" HD Anti-Glare Display  AMD Athlon Dual-core Processor  Windows 11 Home in S Mode
https://m.media-amazon.com/images/I/91Fb+Pcxe-L._AC_UY218_.jpg,221,Dell OptiPlex Computer Desktop PC Intel Core i5 3rd Gen 3.2 GHz  16GB RAM 2TB HDD  New 22 Inch LED Monitor  RGB Keyboard and Mouse  WiFi  Windows 10 Pro (Renewed)
https://m.media-amazon.com/images/I/61PLUeR9MoS._AC_UY218_.jpg,98,HP EliteDesk 800 G1 SFF High Performance Business Desktop Computer  Intel Quad Core i5-4590 upto 3.7GHz  16GB RAM  1TB HDD  256GB SSD (boot)  DVD  WiFi Windows 10 Professional (Renewed)
https://m.media-amazon.com/images/I/91njuONYgzS._AC_SY450_.jpg,156,Amazon Basics 27 Inch Monitor Powered with AOC Technology  FHD 1080P  75hz  VESA Compatible  Built-in Speakers  Black
https://m.media-amazon.com/images/I/71uxktpxmTL._AC_SY450_.jpg,114,KOORUI 24" Gaming Monitor 165Hz  1080p  1ms  IPS  99% sRGB Color Gamut  Compatible FreeSync  Ultra Slim Frame  VESA Mountable (FHD 1920x1080  HDMI  DisplayPort) Black
https://m.media-amazon.com/images/I/817-mi74WqL.__AC_SX300_SY300_QL70_FMwebp_.jpg,152,InnoView 27 Inch FHD 100HZ Eyes Care Built-in Speakers Frameless 4000:1 Contrast Ratio Ultra Thin Bezel Professional Computer Gaming Monitor
https://m.media-amazon.com/images/I/71ecFXPIv3L.__AC_SX300_SY300_QL70_FMwebp_.jpg,66,Pisichen Computer Monitor 21.5 Inch Full HD PC Monitor 1080P Screen(HDMI & VGA Ports  IPS Display 75Hz 3ms Response Time Wall Mounting) Frameless Monitor for Laptop PC Xbox Ones
https://m.media-amazon.com/images/I/71FLsWWmE8L._AC_UY218_.jpg,'1112',CyberpowerPC Gamer Xtreme VR Gaming PC  Intel Core i7-12700F 2.1GHz  GeForce RTX 3060 12GB  16GB DDR4  1TB NVMe SSD WiFi & Win 11 Home (GXiVR8040A12) Black
https://m.media-amazon.com/images/I/71VDHvt3hAL._AC_UY218_.jpg,332,STGAubron Gaming Desktop PC Intel Core I5 3.3Ghz up to 3.7Ghz  AMD Radeon RX 550 4G GDDR5 16G Ram 512G SSD WiFi BT 5.0 RGB Fan x 3 RGB Keybaord & Mouse RGB Mouse Pad W10H64
https://m.media-amazon.com/images/I/91NkPe-lM3L._AC_UL400_.jpg,1045,Skytech Blaze 3.0 Gaming PC Desktop â€“ Intel Core i5 12400F 2.5 GHz  NVIDIA RTX 3060 500GB NVME SSD 16GB DDR4 RAM 3200 600W Gold PSU 11AC Wi-Fi Windows 11 Home 64-bit
https://m.media-amazon.com/images/I/613hKQ+PnLL._AC_UY218_.jpg,1805,MSI Aegis RS Gaming Desktop: Intel Core i7-13700KF RTX 4070 32GB DDR5 2TB M.2 NVMe Liquid Cooling WiFi 6E Keyboard & Mouse DIY Friendly Windows 11 Home-Adv: 13NUE-450US