https://m.media-amazon.com/images/I/711-gbTVVyL._AC_UY218_.jpg,37,Classroom Headphones Bulk 5 Pack Student On Ear Color Varieties  Comfy Swivel Earphones for Library  School Airplane Kids for Online Learning and Travel  Noise Stereo Sound 3.5mm Jack (Black)
https://m.media-amazon.com/images/I/61eoIcJwPJL._AC_UY218_.jpg,25,Uliptz Wireless Bluetooth Headphones 65H Playtime 6EQ Sound Modes HiFi Stereo Over Ear Headphones with Microphone Foldable Bluetooth 5.3 Headphones for Travel/Office/Cellphone/PC (Rose Gold)
https://m.media-amazon.com/images/I/61bH1DL-WBL._AC_SY355_.jpg,27,V8 Wireless Bluetooth Headphones Over Ear  80 Hours Playtime Wireless Headphones with Deep Bass Lightweight Foldable Headphones Built-in Mic HiFi Stereo Sound for Travel Work Laptop PC Cellphone
https://m.media-amazon.com/images/I/61bnUaDGWPL.__AC_SX300_SY300_QL70_FMwebp_.jpg,26,Bluetooth Headphones Over Ear BERIBES 65H Playtime and 6 EQ Music Modes Wireless Headphones with Microphone HiFi Stereo Foldable Lightweight Headset Deep Bass for Home Office Cellphone PC Etc.(White)
https://m.media-amazon.com/images/I/71cVOgvystL._AC_UY218_.jpg,19,TOZO T6 True Wireless Earbuds Bluetooth 5.3 Headphones Touch Control with Wireless Charging Case IPX8 Waterproof Stereo Earphones in-Ear Built-in Mic Headset Premium Deep Bass Black (2022 Upgraded)
https://m.media-amazon.com/images/I/71t-NRjVRtL._AC_SY355_.jpg,35,Wireless Earbuds Bluetooth 5.3 Headphones 60 Hrs Playtime Sports Ear buds with Wireless Charging Case & LED Power Display Over-ear Earphones with Earhooks Waterproof Stereo Bass Headset for Workout
https://m.media-amazon.com/images/I/61zpDfNWlOL._AC_UY218_.jpg,19,DIUARA Wireless Earbuds V5.3 Bluetooth Headphones 48 Hrs Playtime with LED Power Display Charging Case IPX5 Waterproof Deep Bass Stereo Earphones with Mic for Android iOS Cell Phone
https://m.media-amazon.com/images/I/71PTqIL-y2L._AC_SY355_.jpg,123,NUKied Wireless Bluetooth Headphones with Dual LCD Screen Over Ear Headphones with Microphone Deep Bass 5EQ Modes Built-in 8G Memory MP3 Player HiFi Stereo Sound for Home/Work/Travel- Black
https://m.media-amazon.com/images/I/61-g7m+90eL._AC_SY300_SX300_.jpg,19,Prtukyt 6S Wireless Bluetooth Headphones Over Ear Hi-Fi Stereo Foldable Wireless Stereo Headsets Earbuds with Built-in Mic Volume Control FM for Phone/PC (Black & Gold)
https://m.media-amazon.com/images/I/610ZfPKLP0L._AC_SY355_.jpg,26,Prtukyt 6S Bluetooth Headphones Over-Ear Hi-Fi Stereo Foldable Wireless Stereo Headsets Earbuds with Built-in Mic Volume Control FM for iPhone/Samsung/iPad/PC (Black & Blue)
https://m.media-amazon.com/images/I/419oMuQlD5L._AC_SR320320_.jpg,24,RUNOLIM Bluetooth Headphones Over Ear 65 Hours Playtime Wireless Headphones with Microphone Lightweight Foldable & Portable Stereo Bass Headsets for Smartphone Tablet Computer MP3/4